Ref,Val,Package,PosX,PosY,Rot,Side
"C1","100uF","CP_Elec_10x10.5",70.000000,-187.000000,90.000000,top
"C2","100nF","C_0805_2012Metric",80.000000,-186.950000,90.000000,top
"D1","Red LED","LED_0805_2012Metric",69.500000,-176.250000,90.000000,top
"D2","Red LED","LED_0805_2012Metric",289.182478,-194.273833,90.000000,top
"D3","Red LED","LED_0805_2012Metric",154.641842,-194.754075,90.000000,top
"D4","Red LED","LED_0805_2012Metric",280.184931,-194.273833,90.000000,top
"D5","Red LED","LED_0805_2012Metric",145.662500,-194.750000,90.000000,top
"D6","Red LED","LED_0805_2012Metric",136.664954,-194.750000,90.000000,top
"D7","Red LED","LED_0805_2012Metric",127.667407,-194.750000,90.000000,top
"D8","Red LED","LED_0805_2012Metric",118.638067,-194.750000,90.000000,top
"D9","Red LED","LED_0805_2012Metric",109.640521,-194.750000,90.000000,top
"D10","Red LED","LED_0805_2012Metric",100.573679,-194.765490,90.000000,top
"D11","Red LED","LED_0805_2012Metric",91.573680,-194.764404,90.000000,top
"D12","Red LED","LED_0805_2012Metric",298.180024,-194.273833,90.000000,top
"D13","Red LED","LED_0805_2012Metric",271.155591,-194.273833,90.000000,top
"D14","Red LED","LED_0805_2012Metric",307.159366,-194.277908,90.000000,top
"D15","Red LED","LED_0805_2012Metric",244.091204,-194.288237,90.000000,top
"D16","Red LED","LED_0805_2012Metric",253.091203,-194.289323,90.000000,top
"D17","Red LED","LED_0805_2012Metric",262.158045,-194.273833,90.000000,top
"D18","Red LED","LED_0805_2012Metric",220.841274,-47.235595,90.000000,top
"D19","Red LED","LED_0805_2012Metric",211.843727,-47.235595,90.000000,top
"D20","Red LED","LED_0805_2012Metric",229.838820,-47.235595,90.000000,top
"D21","Red LED","LED_0805_2012Metric",202.814387,-47.235596,90.000000,top
"D22","Red LED","LED_0805_2012Metric",238.818162,-47.239670,90.000000,top
"D23","Red LED","LED_0805_2012Metric",175.750000,-47.250000,90.000000,top
"D24","Red LED","LED_0805_2012Metric",184.749999,-47.251086,90.000000,top
"D25","Red LED","LED_0805_2012Metric",193.816841,-47.235596,90.000000,top
"D26","Red LED","LED_0805_2012Metric",166.000000,-47.250000,90.000000,top
"D27","Red LED","LED_0805_2012Metric",72.751071,-132.130535,180.000000,top
"D28","Red LED","LED_0805_2012Metric",89.499894,-143.362895,180.000000,top
"D29","Red LED","LED_0805_2012Metric",89.301071,-118.193035,180.000000,top
"D30","Red LED","LED_0805_2012Metric",107.044362,-132.119580,180.000000,top
"D31","Red LED","LED_0805_2012Metric",123.793185,-143.351940,180.000000,top
"D32","Red LED","LED_0805_2012Metric",123.594362,-118.182080,180.000000,top
"D33","Red LED","LED_0805_2012Metric",141.374199,-132.104034,180.000000,top
"D34","Red LED","LED_0805_2012Metric",158.123022,-143.336394,180.000000,top
"D35","Red LED","LED_0805_2012Metric",157.924199,-118.166534,180.000000,top
"D36","Red LED","LED_0805_2012Metric",175.661335,-132.125985,180.000000,top
"D37","Red LED","LED_0805_2012Metric",192.410158,-143.358345,180.000000,top
"D38","Red LED","LED_0805_2012Metric",192.211335,-118.188485,180.000000,top
"D39","Red LED","LED_0805_2012Metric",210.062415,-132.124039,180.000000,top
"D40","Red LED","LED_0805_2012Metric",226.811238,-143.356399,180.000000,top
"D41","Red LED","LED_0805_2012Metric",226.612415,-118.186539,180.000000,top
"D42","Red LED","LED_0805_2012Metric",244.315399,-132.101264,180.000000,top
"D43","Red LED","LED_0805_2012Metric",261.064222,-143.333624,180.000000,top
"D44","Red LED","LED_0805_2012Metric",260.865399,-118.163764,180.000000,top
"D45","Red LED","LED_0805_2012Metric",278.685389,-132.071633,180.000000,top
"D46","Red LED","LED_0805_2012Metric",295.434212,-143.303993,180.000000,top
"D47","Red LED","LED_0805_2012Metric",295.235389,-118.134133,180.000000,top
"D48","Red LED","LED_0805_2012Metric",312.935389,-132.071633,180.000000,top
"D49","Red LED","LED_0805_2012Metric",329.684212,-143.303993,180.000000,top
"D50","Red LED","LED_0805_2012Metric",329.485389,-118.134133,180.000000,top
"D51","Red LED","LED_0805_2012Metric",127.751071,-89.630535,180.000000,top
"D52","Red LED","LED_0805_2012Metric",162.051071,-89.755535,180.000000,top
"D53","Red LED","LED_0805_2012Metric",196.488571,-89.693035,180.000000,top
"D54","Red LED","LED_0805_2012Metric",230.851071,-89.674285,180.000000,top
"D55","Red LED","LED_0805_2012Metric",265.251071,-89.655535,180.000000,top
"D56","Red LED","LED_0805_2012Metric",299.488571,-89.693035,180.000000,top
"D57","Red LED","LED_0805_2012Metric",333.738571,-89.693035,180.000000,top
"D58","Red LED","LED_0805_2012Metric",93.501071,-89.630535,180.000000,top
"J1","Conn_01x02_Pin","BarrelJack_Kycon_KLDX-0202-xC_Horizontal",73.700000,-201.750000,0.000000,top
"Q1","NPN Transistor","SOT-23",292.682478,-196.211333,180.000000,top
"Q2","NPN Transistor","SOT-23",158.141842,-196.691575,180.000000,top
"Q3","NPN Transistor","SOT-23",283.684931,-196.211333,180.000000,top
"Q4","NPN Transistor","SOT-23",149.162500,-196.687500,180.000000,top
"Q5","NPN Transistor","SOT-23",140.164954,-196.687500,180.000000,top
"Q6","NPN Transistor","SOT-23",131.167407,-196.687500,180.000000,top
"Q7","NPN Transistor","SOT-23",122.138067,-196.687500,180.000000,top
"Q8","NPN Transistor","SOT-23",113.140521,-196.687500,180.000000,top
"Q9","NPN Transistor","SOT-23",104.073679,-196.702990,180.000000,top
"Q10","NPN Transistor","SOT-23",95.073680,-196.701904,180.000000,top
"Q11","NPN Transistor","SOT-23",301.680024,-196.211333,180.000000,top
"Q12","NPN Transistor","SOT-23",274.655591,-196.211333,180.000000,top
"Q13","NPN Transistor","SOT-23",310.659366,-196.215408,180.000000,top
"Q14","NPN Transistor","SOT-23",247.591204,-196.225737,180.000000,top
"Q15","NPN Transistor","SOT-23",256.591203,-196.226823,180.000000,top
"Q16","NPN Transistor","SOT-23",265.658045,-196.211333,180.000000,top
"Q17","NPN Transistor","SOT-23",224.341274,-49.173095,180.000000,top
"Q18","NPN Transistor","SOT-23",215.343727,-49.173095,180.000000,top
"Q19","NPN Transistor","SOT-23",233.338820,-49.173095,180.000000,top
"Q20","NPN Transistor","SOT-23",206.314387,-49.173096,180.000000,top
"Q21","NPN Transistor","SOT-23",242.318162,-49.177170,180.000000,top
"Q22","NPN Transistor","SOT-23",179.250000,-49.187500,180.000000,top
"Q23","NPN Transistor","SOT-23",188.249999,-49.188586,180.000000,top
"Q24","NPN Transistor","SOT-23",197.316841,-49.173096,180.000000,top
"Q25","NPN Transistor","SOT-23",73.488571,-151.630535,90.000000,top
"Q26","NPN Transistor","SOT-23",78.988571,-151.630535,90.000000,top
"Q27","NPN Transistor","SOT-23",73.488571,-142.130535,90.000000,top
"Q28","NPN Transistor","SOT-23",73.488571,-147.130535,90.000000,top
"Q29","NPN Transistor","SOT-23",78.988571,-147.130535,90.000000,top
"Q30","NPN Transistor","SOT-23",78.988571,-142.193035,90.000000,top
"Q31","NPN Transistor","SOT-23",89.609884,-154.767626,90.000000,top
"Q32","NPN Transistor","SOT-23",94.234884,-154.767626,90.000000,top
"Q33","NPN Transistor","SOT-23",94.359884,-150.267626,90.000000,top
"Q34","NPN Transistor","SOT-23",73.488571,-111.380535,90.000000,top
"Q35","NPN Transistor","SOT-23",78.988571,-111.380535,90.000000,top
"Q36","NPN Transistor","SOT-23",73.488571,-101.880535,90.000000,top
"Q37","NPN Transistor","SOT-23",73.488571,-106.880535,90.000000,top
"Q38","NPN Transistor","SOT-23",78.988571,-106.880535,90.000000,top
"Q39","NPN Transistor","SOT-23",78.988571,-101.943035,90.000000,top
"Q40","NPN Transistor","SOT-23",89.238571,-129.630535,90.000000,top
"Q41","NPN Transistor","SOT-23",93.863571,-129.630535,90.000000,top
"Q42","NPN Transistor","SOT-23",93.988571,-125.130535,90.000000,top
"Q43","NPN Transistor","SOT-23",94.099545,-103.419561,90.000000,top
"Q44","NPN Transistor","SOT-23",88.099545,-103.357061,90.000000,top
"Q45","NPN Transistor","SOT-23",94.099545,-98.482061,90.000000,top
"Q46","NPN Transistor","SOT-23",107.781862,-151.619580,90.000000,top
"Q47","NPN Transistor","SOT-23",113.281862,-151.619580,90.000000,top
"Q48","NPN Transistor","SOT-23",107.781862,-142.119580,90.000000,top
"Q49","NPN Transistor","SOT-23",107.781862,-147.119580,90.000000,top
"Q50","NPN Transistor","SOT-23",113.281862,-147.119580,90.000000,top
"Q51","NPN Transistor","SOT-23",113.281862,-142.182080,90.000000,top
"Q52","NPN Transistor","SOT-23",123.903175,-154.756671,90.000000,top
"Q53","NPN Transistor","SOT-23",128.528175,-154.756671,90.000000,top
"Q54","NPN Transistor","SOT-23",128.653175,-150.256671,90.000000,top
"Q55","NPN Transistor","SOT-23",107.781862,-111.369580,90.000000,top
"Q56","NPN Transistor","SOT-23",113.281862,-111.369580,90.000000,top
"Q57","NPN Transistor","SOT-23",107.781862,-101.869580,90.000000,top
"Q58","NPN Transistor","SOT-23",107.781862,-106.869580,90.000000,top
"Q59","NPN Transistor","SOT-23",113.281862,-106.869580,90.000000,top
"Q60","NPN Transistor","SOT-23",113.281862,-101.932080,90.000000,top
"Q61","NPN Transistor","SOT-23",123.531862,-129.619580,90.000000,top
"Q62","NPN Transistor","SOT-23",128.156862,-129.619580,90.000000,top
"Q63","NPN Transistor","SOT-23",128.281862,-125.119580,90.000000,top
"Q64","NPN Transistor","SOT-23",128.392836,-103.408606,90.000000,top
"Q65","NPN Transistor","SOT-23",122.392836,-103.346106,90.000000,top
"Q66","NPN Transistor","SOT-23",128.392836,-98.471106,90.000000,top
"Q67","NPN Transistor","SOT-23",142.111699,-151.604034,90.000000,top
"Q68","NPN Transistor","SOT-23",147.611699,-151.604034,90.000000,top
"Q69","NPN Transistor","SOT-23",142.111699,-142.104034,90.000000,top
"Q70","NPN Transistor","SOT-23",142.111699,-147.104034,90.000000,top
"Q71","NPN Transistor","SOT-23",147.611699,-147.104034,90.000000,top
"Q72","NPN Transistor","SOT-23",147.611699,-142.166534,90.000000,top
"Q73","NPN Transistor","SOT-23",158.233012,-154.741125,90.000000,top
"Q74","NPN Transistor","SOT-23",162.858012,-154.741125,90.000000,top
"Q75","NPN Transistor","SOT-23",162.983012,-150.241125,90.000000,top
"Q76","NPN Transistor","SOT-23",142.111699,-111.354034,90.000000,top
"Q77","NPN Transistor","SOT-23",147.611699,-111.354034,90.000000,top
"Q78","NPN Transistor","SOT-23",142.111699,-101.854034,90.000000,top
"Q79","NPN Transistor","SOT-23",142.111699,-106.854034,90.000000,top
"Q80","NPN Transistor","SOT-23",147.611699,-106.854034,90.000000,top
"Q81","NPN Transistor","SOT-23",147.611699,-101.916534,90.000000,top
"Q82","NPN Transistor","SOT-23",157.861699,-129.604034,90.000000,top
"Q83","NPN Transistor","SOT-23",162.486699,-129.604034,90.000000,top
"Q84","NPN Transistor","SOT-23",162.611699,-125.104034,90.000000,top
"Q85","NPN Transistor","SOT-23",162.722673,-103.393060,90.000000,top
"Q86","NPN Transistor","SOT-23",156.722673,-103.330560,90.000000,top
"Q87","NPN Transistor","SOT-23",162.722673,-98.455560,90.000000,top
"Q88","NPN Transistor","SOT-23",176.398835,-151.625985,90.000000,top
"Q89","NPN Transistor","SOT-23",181.898835,-151.625985,90.000000,top
"Q90","NPN Transistor","SOT-23",176.398835,-142.125985,90.000000,top
"Q91","NPN Transistor","SOT-23",176.398835,-147.125985,90.000000,top
"Q92","NPN Transistor","SOT-23",181.898835,-147.125985,90.000000,top
"Q93","NPN Transistor","SOT-23",181.898835,-142.188485,90.000000,top
"Q94","NPN Transistor","SOT-23",192.520148,-154.763076,90.000000,top
"Q95","NPN Transistor","SOT-23",197.145148,-154.763076,90.000000,top
"Q96","NPN Transistor","SOT-23",197.270148,-150.263076,90.000000,top
"Q97","NPN Transistor","SOT-23",176.398835,-111.375985,90.000000,top
"Q98","NPN Transistor","SOT-23",181.898835,-111.375985,90.000000,top
"Q99","NPN Transistor","SOT-23",176.398835,-101.875985,90.000000,top
"Q100","NPN Transistor","SOT-23",176.398835,-106.875985,90.000000,top
"Q101","NPN Transistor","SOT-23",181.898835,-106.875985,90.000000,top
"Q102","NPN Transistor","SOT-23",181.898835,-101.938485,90.000000,top
"Q103","NPN Transistor","SOT-23",192.148835,-129.625985,90.000000,top
"Q104","NPN Transistor","SOT-23",196.773835,-129.625985,90.000000,top
"Q105","NPN Transistor","SOT-23",196.898835,-125.125985,90.000000,top
"Q106","NPN Transistor","SOT-23",197.009809,-103.415011,90.000000,top
"Q107","NPN Transistor","SOT-23",191.009809,-103.352511,90.000000,top
"Q108","NPN Transistor","SOT-23",197.009809,-98.477511,90.000000,top
"Q109","NPN Transistor","SOT-23",210.799915,-151.624039,90.000000,top
"Q110","NPN Transistor","SOT-23",216.299915,-151.624039,90.000000,top
"Q111","NPN Transistor","SOT-23",210.799915,-142.124039,90.000000,top
"Q112","NPN Transistor","SOT-23",210.799915,-147.124039,90.000000,top
"Q113","NPN Transistor","SOT-23",216.299915,-147.124039,90.000000,top
"Q114","NPN Transistor","SOT-23",216.299915,-142.186539,90.000000,top
"Q115","NPN Transistor","SOT-23",226.921228,-154.761130,90.000000,top
"Q116","NPN Transistor","SOT-23",231.546228,-154.761130,90.000000,top
"Q117","NPN Transistor","SOT-23",231.671228,-150.261130,90.000000,top
"Q118","NPN Transistor","SOT-23",210.799915,-111.374039,90.000000,top
"Q119","NPN Transistor","SOT-23",216.299915,-111.374039,90.000000,top
"Q120","NPN Transistor","SOT-23",210.799915,-101.874039,90.000000,top
"Q121","NPN Transistor","SOT-23",210.799915,-106.874039,90.000000,top
"Q122","NPN Transistor","SOT-23",216.299915,-106.874039,90.000000,top
"Q123","NPN Transistor","SOT-23",216.299915,-101.936539,90.000000,top
"Q124","NPN Transistor","SOT-23",226.549915,-129.624039,90.000000,top
"Q125","NPN Transistor","SOT-23",231.174915,-129.624039,90.000000,top
"Q126","NPN Transistor","SOT-23",231.299915,-125.124039,90.000000,top
"Q127","NPN Transistor","SOT-23",231.410889,-103.413065,90.000000,top
"Q128","NPN Transistor","SOT-23",225.410889,-103.350565,90.000000,top
"Q129","NPN Transistor","SOT-23",231.410889,-98.475565,90.000000,top
"Q130","NPN Transistor","SOT-23",245.052899,-151.601264,90.000000,top
"Q131","NPN Transistor","SOT-23",250.552899,-151.601264,90.000000,top
"Q132","NPN Transistor","SOT-23",245.052899,-142.101264,90.000000,top
"Q133","NPN Transistor","SOT-23",245.052899,-147.101264,90.000000,top
"Q134","NPN Transistor","SOT-23",250.552899,-147.101264,90.000000,top
"Q135","NPN Transistor","SOT-23",250.552899,-142.163764,90.000000,top
"Q136","NPN Transistor","SOT-23",261.174212,-154.738355,90.000000,top
"Q137","NPN Transistor","SOT-23",265.799212,-154.738355,90.000000,top
"Q138","NPN Transistor","SOT-23",265.924212,-150.238355,90.000000,top
"Q139","NPN Transistor","SOT-23",245.052899,-111.351264,90.000000,top
"Q140","NPN Transistor","SOT-23",250.552899,-111.351264,90.000000,top
"Q141","NPN Transistor","SOT-23",245.052899,-101.851264,90.000000,top
"Q142","NPN Transistor","SOT-23",245.052899,-106.851264,90.000000,top
"Q143","NPN Transistor","SOT-23",250.552899,-106.851264,90.000000,top
"Q144","NPN Transistor","SOT-23",250.552899,-101.913764,90.000000,top
"Q145","NPN Transistor","SOT-23",260.802899,-129.601264,90.000000,top
"Q146","NPN Transistor","SOT-23",265.427899,-129.601264,90.000000,top
"Q147","NPN Transistor","SOT-23",265.552899,-125.101264,90.000000,top
"Q148","NPN Transistor","SOT-23",265.663873,-103.390290,90.000000,top
"Q149","NPN Transistor","SOT-23",259.663873,-103.327790,90.000000,top
"Q150","NPN Transistor","SOT-23",265.663873,-98.452790,90.000000,top
"Q151","NPN Transistor","SOT-23",279.422889,-151.571633,90.000000,top
"Q152","NPN Transistor","SOT-23",284.922889,-151.571633,90.000000,top
"Q153","NPN Transistor","SOT-23",279.422889,-142.071633,90.000000,top
"Q154","NPN Transistor","SOT-23",279.422889,-147.071633,90.000000,top
"Q155","NPN Transistor","SOT-23",284.922889,-147.071633,90.000000,top
"Q156","NPN Transistor","SOT-23",284.922889,-142.134133,90.000000,top
"Q157","NPN Transistor","SOT-23",295.544202,-154.708724,90.000000,top
"Q158","NPN Transistor","SOT-23",300.169202,-154.708724,90.000000,top
"Q159","NPN Transistor","SOT-23",300.294202,-150.208724,90.000000,top
"Q160","NPN Transistor","SOT-23",279.422889,-111.321633,90.000000,top
"Q161","NPN Transistor","SOT-23",284.922889,-111.321633,90.000000,top
"Q162","NPN Transistor","SOT-23",279.422889,-101.821633,90.000000,top
"Q163","NPN Transistor","SOT-23",279.422889,-106.821633,90.000000,top
"Q164","NPN Transistor","SOT-23",284.922889,-106.821633,90.000000,top
"Q165","NPN Transistor","SOT-23",284.922889,-101.884133,90.000000,top
"Q166","NPN Transistor","SOT-23",295.172889,-129.571633,90.000000,top
"Q167","NPN Transistor","SOT-23",299.797889,-129.571633,90.000000,top
"Q168","NPN Transistor","SOT-23",299.922889,-125.071633,90.000000,top
"Q169","NPN Transistor","SOT-23",300.033863,-103.360659,90.000000,top
"Q170","NPN Transistor","SOT-23",294.033863,-103.298159,90.000000,top
"Q171","NPN Transistor","SOT-23",300.033863,-98.423159,90.000000,top
"Q172","NPN Transistor","SOT-23",313.672889,-151.571633,90.000000,top
"Q173","NPN Transistor","SOT-23",319.172889,-151.571633,90.000000,top
"Q174","NPN Transistor","SOT-23",313.672889,-142.071633,90.000000,top
"Q175","NPN Transistor","SOT-23",313.672889,-147.071633,90.000000,top
"Q176","NPN Transistor","SOT-23",319.172889,-147.071633,90.000000,top
"Q177","NPN Transistor","SOT-23",319.172889,-142.134133,90.000000,top
"Q178","NPN Transistor","SOT-23",329.794202,-154.708724,90.000000,top
"Q179","NPN Transistor","SOT-23",334.419202,-154.708724,90.000000,top
"Q180","NPN Transistor","SOT-23",334.544202,-150.208724,90.000000,top
"Q181","NPN Transistor","SOT-23",313.672889,-111.321633,90.000000,top
"Q182","NPN Transistor","SOT-23",319.172889,-111.321633,90.000000,top
"Q183","NPN Transistor","SOT-23",313.672889,-101.821633,90.000000,top
"Q184","NPN Transistor","SOT-23",313.672889,-106.821633,90.000000,top
"Q185","NPN Transistor","SOT-23",319.172889,-106.821633,90.000000,top
"Q186","NPN Transistor","SOT-23",319.172889,-101.884133,90.000000,top
"Q187","NPN Transistor","SOT-23",329.422889,-129.571633,90.000000,top
"Q188","NPN Transistor","SOT-23",334.047889,-129.571633,90.000000,top
"Q189","NPN Transistor","SOT-23",334.172889,-125.071633,90.000000,top
"Q190","NPN Transistor","SOT-23",334.283863,-103.360659,90.000000,top
"Q191","NPN Transistor","SOT-23",328.283863,-103.298159,90.000000,top
"Q192","NPN Transistor","SOT-23",334.283863,-98.423159,90.000000,top
"Q193","NPN Transistor","SOT-23",169.500000,-49.187500,180.000000,top
"Q194","NPN Transistor","SOT-23",74.688571,-128.630535,-90.000000,top
"Q195","NPN Transistor","SOT-23",91.437394,-139.862895,-90.000000,top
"Q196","NPN Transistor","SOT-23",91.238571,-114.693035,-90.000000,top
"Q197","NPN Transistor","SOT-23",108.981862,-128.619580,-90.000000,top
"Q198","NPN Transistor","SOT-23",125.730685,-139.851940,-90.000000,top
"Q199","NPN Transistor","SOT-23",125.531862,-114.682080,-90.000000,top
"Q200","NPN Transistor","SOT-23",143.311699,-128.604034,-90.000000,top
"Q201","NPN Transistor","SOT-23",160.060522,-139.836394,-90.000000,top
"Q202","NPN Transistor","SOT-23",159.861699,-114.666534,-90.000000,top
"Q203","NPN Transistor","SOT-23",177.598835,-128.625985,-90.000000,top
"Q204","NPN Transistor","SOT-23",194.347658,-139.858345,-90.000000,top
"Q205","NPN Transistor","SOT-23",194.148835,-114.688485,-90.000000,top
"Q206","NPN Transistor","SOT-23",211.999915,-128.624039,-90.000000,top
"Q207","NPN Transistor","SOT-23",228.748738,-139.856399,-90.000000,top
"Q208","NPN Transistor","SOT-23",228.549915,-114.686539,-90.000000,top
"Q209","NPN Transistor","SOT-23",246.252899,-128.601264,-90.000000,top
"Q210","NPN Transistor","SOT-23",263.001722,-139.833624,-90.000000,top
"Q211","NPN Transistor","SOT-23",262.802899,-114.663764,-90.000000,top
"Q212","NPN Transistor","SOT-23",280.622889,-128.571633,-90.000000,top
"Q213","NPN Transistor","SOT-23",297.371712,-139.803993,-90.000000,top
"Q214","NPN Transistor","SOT-23",297.172889,-114.634133,-90.000000,top
"Q215","NPN Transistor","SOT-23",314.872889,-128.571633,-90.000000,top
"Q216","NPN Transistor","SOT-23",331.621712,-139.803993,-90.000000,top
"Q217","NPN Transistor","SOT-23",331.422889,-114.634133,-90.000000,top
"Q218","NPN Transistor","SOT-23",129.688571,-86.130535,-90.000000,top
"Q219","NPN Transistor","SOT-23",163.988571,-86.255535,-90.000000,top
"Q220","NPN Transistor","SOT-23",198.426071,-86.193035,-90.000000,top
"Q221","NPN Transistor","SOT-23",232.788571,-86.174285,-90.000000,top
"Q222","NPN Transistor","SOT-23",267.188571,-86.155535,-90.000000,top
"Q223","NPN Transistor","SOT-23",301.426071,-86.193035,-90.000000,top
"Q224","NPN Transistor","SOT-23",335.676071,-86.193035,-90.000000,top
"Q225","NPN Transistor","SOT-23",95.438571,-86.130535,-90.000000,top
"R1","1k","R_0805_2012Metric",65.250000,-176.250000,90.000000,top
"R2","R","R_0805_2012Metric",66.488571,-131.943035,180.000000,top
"R3","R","R_0805_2012Metric",70.988571,-156.595535,90.000000,top
"R4","R","R_0805_2012Metric",314.235252,-195.792439,90.000000,top
"R5","42k","R_0805_2012Metric",288.682478,-197.273833,0.000000,top
"R6","330","R_0805_2012Metric",292.682478,-193.273833,180.000000,top
"R7","R","R_0805_2012Metric",161.717728,-196.268606,90.000000,top
"R8","42k","R_0805_2012Metric",154.141842,-197.754075,0.000000,top
"R9","330","R_0805_2012Metric",158.141842,-193.754075,180.000000,top
"R10","42k","R_0805_2012Metric",279.684931,-197.273833,0.000000,top
"R11","330","R_0805_2012Metric",283.684931,-193.273833,180.000000,top
"R12","42k","R_0805_2012Metric",145.162500,-197.750000,0.000000,top
"R13","330","R_0805_2012Metric",149.162500,-193.750000,180.000000,top
"R14","42k","R_0805_2012Metric",136.164954,-197.750000,0.000000,top
"R15","330","R_0805_2012Metric",140.164954,-193.750000,180.000000,top
"R16","42k","R_0805_2012Metric",127.167407,-197.750000,0.000000,top
"R17","330","R_0805_2012Metric",131.167407,-193.750000,180.000000,top
"R18","42k","R_0805_2012Metric",118.138067,-197.750000,0.000000,top
"R19","330","R_0805_2012Metric",122.138067,-193.750000,180.000000,top
"R20","42k","R_0805_2012Metric",109.140521,-197.750000,0.000000,top
"R21","330","R_0805_2012Metric",113.140521,-193.750000,180.000000,top
"R22","42k","R_0805_2012Metric",100.073679,-197.765490,0.000000,top
"R23","330","R_0805_2012Metric",104.073679,-193.765490,180.000000,top
"R24","42k","R_0805_2012Metric",91.073680,-197.764404,0.000000,top
"R25","330","R_0805_2012Metric",95.073680,-193.764404,180.000000,top
"R26","42k","R_0805_2012Metric",297.680024,-197.273833,0.000000,top
"R27","330","R_0805_2012Metric",301.680024,-193.273833,180.000000,top
"R28","42k","R_0805_2012Metric",270.655591,-197.273833,0.000000,top
"R29","330","R_0805_2012Metric",274.655591,-193.273833,180.000000,top
"R30","42k","R_0805_2012Metric",306.659366,-197.277908,0.000000,top
"R31","330","R_0805_2012Metric",310.659366,-193.277908,180.000000,top
"R32","42k","R_0805_2012Metric",243.591204,-197.288237,0.000000,top
"R33","330","R_0805_2012Metric",247.591204,-193.288237,180.000000,top
"R34","42k","R_0805_2012Metric",252.591203,-197.289323,0.000000,top
"R35","330","R_0805_2012Metric",256.591203,-193.289323,180.000000,top
"R36","42k","R_0805_2012Metric",261.658045,-197.273833,0.000000,top
"R37","330","R_0805_2012Metric",265.658045,-193.273833,180.000000,top
"R38","R","R_0805_2012Metric",245.894048,-48.754201,90.000000,top
"R39","42k","R_0805_2012Metric",220.341274,-50.235595,0.000000,top
"R40","330","R_0805_2012Metric",224.341274,-46.235595,180.000000,top
"R41","42k","R_0805_2012Metric",211.343727,-50.235595,0.000000,top
"R42","330","R_0805_2012Metric",215.343727,-46.235595,180.000000,top
"R43","42k","R_0805_2012Metric",229.338820,-50.235595,0.000000,top
"R44","330","R_0805_2012Metric",233.338820,-46.235595,180.000000,top
"R45","42k","R_0805_2012Metric",202.314387,-50.235596,0.000000,top
"R46","330","R_0805_2012Metric",206.314387,-46.235596,180.000000,top
"R47","42k","R_0805_2012Metric",238.318162,-50.239670,0.000000,top
"R48","330","R_0805_2012Metric",242.318162,-46.239670,180.000000,top
"R49","42k","R_0805_2012Metric",175.250000,-50.250000,0.000000,top
"R50","330","R_0805_2012Metric",179.250000,-46.250000,180.000000,top
"R51","42k","R_0805_2012Metric",184.249999,-50.251086,0.000000,top
"R52","330","R_0805_2012Metric",188.249999,-46.251086,180.000000,top
"R53","42k","R_0805_2012Metric",193.316841,-50.235596,0.000000,top
"R54","330","R_0805_2012Metric",197.316841,-46.235596,180.000000,top
"R55","1k","R_0805_2012Metric",74.988571,-156.693035,90.000000,top
"R56","1k","R_0805_2012Metric",77.938571,-156.693035,90.000000,top
"R57","2.1k","R_0805_2012Metric",68.488571,-153.193035,180.000000,top
"R58","1k","R_0805_2012Metric",68.488571,-149.693035,180.000000,top
"R59","2.7k","R_0805_2012Metric",68.488571,-146.193035,180.000000,top
"R60","2.1k","R_0805_2012Metric",68.488571,-142.693035,180.000000,top
"R61","39k","R_0805_2012Metric",68.488571,-139.743035,180.000000,top
"R62","2.7k","R_0805_2012Metric",68.488571,-136.793035,180.000000,top
"R63","42k","R_0805_2012Metric",89.859884,-158.742626,90.000000,top
"R64","42k","R_0805_2012Metric",94.859884,-158.742626,90.000000,top
"R65","2.1k","R_0805_2012Metric",86.359884,-151.330126,0.000000,top
"R66","39k","R_0805_2012Metric",90.359884,-150.330126,90.000000,top
"R67","2.7k","R_0805_2012Metric",86.359884,-148.330126,0.000000,top
"R68","1k","R_0805_2012Metric",74.988571,-116.443035,90.000000,top
"R69","1k","R_0805_2012Metric",77.938571,-116.443035,90.000000,top
"R70","2.1k","R_0805_2012Metric",68.488571,-112.943035,180.000000,top
"R71","1k","R_0805_2012Metric",68.488571,-109.443035,180.000000,top
"R72","2.7k","R_0805_2012Metric",68.488571,-105.943035,180.000000,top
"R73","2.1k","R_0805_2012Metric",68.488571,-102.443035,180.000000,top
"R74","39k","R_0805_2012Metric",68.488571,-99.493035,180.000000,top
"R75","2.7k","R_0805_2012Metric",68.488571,-96.543035,180.000000,top
"R76","42k","R_0805_2012Metric",89.488571,-133.605535,90.000000,top
"R77","42k","R_0805_2012Metric",94.488571,-133.605535,90.000000,top
"R78","2.1k","R_0805_2012Metric",85.988571,-126.193035,0.000000,top
"R79","39k","R_0805_2012Metric",89.988571,-125.193035,90.000000,top
"R80","2.7k","R_0805_2012Metric",85.988571,-123.193035,0.000000,top
"R81","42k","R_0805_2012Metric",89.649545,-107.919561,90.000000,top
"R82","42k","R_0805_2012Metric",94.099545,-107.919561,90.000000,top
"R83","2.7k","R_0805_2012Metric",85.599545,-99.919561,0.000000,top
"R84","39k","R_0805_2012Metric",88.599545,-98.419561,90.000000,top
"R85","2.7k","R_0805_2012Metric",90.099545,-95.419561,0.000000,top
"R86","R","R_0805_2012Metric",105.281862,-156.584580,90.000000,top
"R87","1k","R_0805_2012Metric",109.281862,-156.682080,90.000000,top
"R88","1k","R_0805_2012Metric",112.231862,-156.682080,90.000000,top
"R89","2.1k","R_0805_2012Metric",102.781862,-153.182080,180.000000,top
"R90","1k","R_0805_2012Metric",102.781862,-149.682080,180.000000,top
"R91","2.7k","R_0805_2012Metric",102.781862,-146.182080,180.000000,top
"R92","2.1k","R_0805_2012Metric",102.781862,-142.682080,180.000000,top
"R93","39k","R_0805_2012Metric",102.781862,-139.732080,180.000000,top
"R94","2.7k","R_0805_2012Metric",102.781862,-136.782080,180.000000,top
"R95","42k","R_0805_2012Metric",124.153175,-158.731671,90.000000,top
"R96","42k","R_0805_2012Metric",129.153175,-158.731671,90.000000,top
"R97","2.1k","R_0805_2012Metric",120.653175,-151.319171,0.000000,top
"R98","39k","R_0805_2012Metric",124.653175,-150.319171,90.000000,top
"R99","2.7k","R_0805_2012Metric",120.653175,-148.319171,0.000000,top
"R100","1k","R_0805_2012Metric",109.281862,-116.432080,90.000000,top
"R101","1k","R_0805_2012Metric",112.231862,-116.432080,90.000000,top
"R102","2.1k","R_0805_2012Metric",102.781862,-112.932080,180.000000,top
"R103","1k","R_0805_2012Metric",102.781862,-109.432080,180.000000,top
"R104","2.7k","R_0805_2012Metric",102.781862,-105.932080,180.000000,top
"R105","2.1k","R_0805_2012Metric",102.781862,-102.432080,180.000000,top
"R106","39k","R_0805_2012Metric",102.781862,-99.482080,180.000000,top
"R107","2.7k","R_0805_2012Metric",102.781862,-96.532080,180.000000,top
"R108","42k","R_0805_2012Metric",123.781862,-133.594580,90.000000,top
"R109","42k","R_0805_2012Metric",128.781862,-133.594580,90.000000,top
"R110","2.1k","R_0805_2012Metric",120.281862,-126.182080,0.000000,top
"R111","39k","R_0805_2012Metric",124.281862,-125.182080,90.000000,top
"R112","2.7k","R_0805_2012Metric",120.281862,-123.182080,0.000000,top
"R113","42k","R_0805_2012Metric",123.942836,-107.908606,90.000000,top
"R114","42k","R_0805_2012Metric",128.392836,-107.908606,90.000000,top
"R115","2.7k","R_0805_2012Metric",119.892836,-99.908606,0.000000,top
"R116","39k","R_0805_2012Metric",122.892836,-98.408606,90.000000,top
"R117","2.7k","R_0805_2012Metric",124.392836,-95.408606,0.000000,top
"R118","R","R_0805_2012Metric",139.611699,-156.569034,90.000000,top
"R119","1k","R_0805_2012Metric",143.611699,-156.666534,90.000000,top
"R120","1k","R_0805_2012Metric",146.561699,-156.666534,90.000000,top
"R121","2.1k","R_0805_2012Metric",137.111699,-153.166534,180.000000,top
"R122","1k","R_0805_2012Metric",137.111699,-149.666534,180.000000,top
"R123","2.7k","R_0805_2012Metric",137.111699,-146.166534,180.000000,top
"R124","2.1k","R_0805_2012Metric",137.111699,-142.666534,180.000000,top
"R125","39k","R_0805_2012Metric",137.111699,-139.716534,180.000000,top
"R126","2.7k","R_0805_2012Metric",137.111699,-136.766534,180.000000,top
"R127","42k","R_0805_2012Metric",158.483012,-158.716125,90.000000,top
"R128","42k","R_0805_2012Metric",163.483012,-158.716125,90.000000,top
"R129","2.1k","R_0805_2012Metric",154.983012,-151.303625,0.000000,top
"R130","39k","R_0805_2012Metric",158.983012,-150.303625,90.000000,top
"R131","2.7k","R_0805_2012Metric",154.983012,-148.303625,0.000000,top
"R132","1k","R_0805_2012Metric",143.611699,-116.416534,90.000000,top
"R133","1k","R_0805_2012Metric",146.561699,-116.416534,90.000000,top
"R134","2.1k","R_0805_2012Metric",137.111699,-112.916534,180.000000,top
"R135","1k","R_0805_2012Metric",137.111699,-109.416534,180.000000,top
"R136","2.7k","R_0805_2012Metric",137.111699,-105.916534,180.000000,top
"R137","2.1k","R_0805_2012Metric",137.111699,-102.416534,180.000000,top
"R138","39k","R_0805_2012Metric",137.111699,-99.466534,180.000000,top
"R139","2.7k","R_0805_2012Metric",137.111699,-96.516534,180.000000,top
"R140","42k","R_0805_2012Metric",158.111699,-133.579034,90.000000,top
"R141","42k","R_0805_2012Metric",163.111699,-133.579034,90.000000,top
"R142","2.1k","R_0805_2012Metric",154.611699,-126.166534,0.000000,top
"R143","39k","R_0805_2012Metric",158.611699,-125.166534,90.000000,top
"R144","2.7k","R_0805_2012Metric",154.611699,-123.166534,0.000000,top
"R145","42k","R_0805_2012Metric",158.272673,-107.893060,90.000000,top
"R146","42k","R_0805_2012Metric",162.722673,-107.893060,90.000000,top
"R147","2.7k","R_0805_2012Metric",154.222673,-99.893060,0.000000,top
"R148","39k","R_0805_2012Metric",157.222673,-98.393060,90.000000,top
"R149","2.7k","R_0805_2012Metric",158.722673,-95.393060,0.000000,top
"R150","R","R_0805_2012Metric",173.898835,-156.590985,90.000000,top
"R151","1k","R_0805_2012Metric",177.898835,-156.688485,90.000000,top
"R152","1k","R_0805_2012Metric",180.848835,-156.688485,90.000000,top
"R153","2.1k","R_0805_2012Metric",171.398835,-153.188485,180.000000,top
"R154","1k","R_0805_2012Metric",171.398835,-149.688485,180.000000,top
"R155","2.7k","R_0805_2012Metric",171.398835,-146.188485,180.000000,top
"R156","2.1k","R_0805_2012Metric",171.398835,-142.688485,180.000000,top
"R157","39k","R_0805_2012Metric",171.398835,-139.738485,180.000000,top
"R158","2.7k","R_0805_2012Metric",171.398835,-136.788485,180.000000,top
"R159","42k","R_0805_2012Metric",192.770148,-158.738076,90.000000,top
"R160","42k","R_0805_2012Metric",197.770148,-158.738076,90.000000,top
"R161","2.1k","R_0805_2012Metric",189.270148,-151.325576,0.000000,top
"R162","39k","R_0805_2012Metric",193.270148,-150.325576,90.000000,top
"R163","2.7k","R_0805_2012Metric",189.270148,-148.325576,0.000000,top
"R164","1k","R_0805_2012Metric",177.898835,-116.438485,90.000000,top
"R165","1k","R_0805_2012Metric",180.848835,-116.438485,90.000000,top
"R166","2.1k","R_0805_2012Metric",171.398835,-112.938485,180.000000,top
"R167","1k","R_0805_2012Metric",171.398835,-109.438485,180.000000,top
"R168","2.7k","R_0805_2012Metric",171.398835,-105.938485,180.000000,top
"R169","2.1k","R_0805_2012Metric",171.398835,-102.438485,180.000000,top
"R170","39k","R_0805_2012Metric",171.398835,-99.488485,180.000000,top
"R171","2.7k","R_0805_2012Metric",171.398835,-96.538485,180.000000,top
"R172","42k","R_0805_2012Metric",192.398835,-133.600985,90.000000,top
"R173","42k","R_0805_2012Metric",197.398835,-133.600985,90.000000,top
"R174","2.1k","R_0805_2012Metric",188.898835,-126.188485,0.000000,top
"R175","39k","R_0805_2012Metric",192.898835,-125.188485,90.000000,top
"R176","2.7k","R_0805_2012Metric",188.898835,-123.188485,0.000000,top
"R177","42k","R_0805_2012Metric",192.559809,-107.915011,90.000000,top
"R178","42k","R_0805_2012Metric",197.009809,-107.915011,90.000000,top
"R179","2.7k","R_0805_2012Metric",188.509809,-99.915011,0.000000,top
"R180","39k","R_0805_2012Metric",191.509809,-98.415011,90.000000,top
"R181","2.7k","R_0805_2012Metric",193.009809,-95.415011,0.000000,top
"R182","R","R_0805_2012Metric",208.299915,-156.589039,90.000000,top
"R183","1k","R_0805_2012Metric",212.299915,-156.686539,90.000000,top
"R184","1k","R_0805_2012Metric",215.249915,-156.686539,90.000000,top
"R185","2.1k","R_0805_2012Metric",205.799915,-153.186539,180.000000,top
"R186","1k","R_0805_2012Metric",205.799915,-149.686539,180.000000,top
"R187","2.7k","R_0805_2012Metric",205.799915,-146.186539,180.000000,top
"R188","2.1k","R_0805_2012Metric",205.799915,-142.686539,180.000000,top
"R189","39k","R_0805_2012Metric",205.799915,-139.736539,180.000000,top
"R190","2.7k","R_0805_2012Metric",205.799915,-136.786539,180.000000,top
"R191","42k","R_0805_2012Metric",227.171228,-158.736130,90.000000,top
"R192","42k","R_0805_2012Metric",232.171228,-158.736130,90.000000,top
"R193","2.1k","R_0805_2012Metric",223.671228,-151.323630,0.000000,top
"R194","39k","R_0805_2012Metric",227.671228,-150.323630,90.000000,top
"R195","2.7k","R_0805_2012Metric",223.671228,-148.323630,0.000000,top
"R196","1k","R_0805_2012Metric",212.299915,-116.436539,90.000000,top
"R197","1k","R_0805_2012Metric",215.249915,-116.436539,90.000000,top
"R198","2.1k","R_0805_2012Metric",205.799915,-112.936539,180.000000,top
"R199","1k","R_0805_2012Metric",205.799915,-109.436539,180.000000,top
"R200","2.7k","R_0805_2012Metric",205.799915,-105.936539,180.000000,top
"R201","2.1k","R_0805_2012Metric",205.799915,-102.436539,180.000000,top
"R202","39k","R_0805_2012Metric",205.799915,-99.486539,180.000000,top
"R203","2.7k","R_0805_2012Metric",205.799915,-96.536539,180.000000,top
"R204","42k","R_0805_2012Metric",226.799915,-133.599039,90.000000,top
"R205","42k","R_0805_2012Metric",231.799915,-133.599039,90.000000,top
"R206","2.1k","R_0805_2012Metric",223.299915,-126.186539,0.000000,top
"R207","39k","R_0805_2012Metric",227.299915,-125.186539,90.000000,top
"R208","2.7k","R_0805_2012Metric",223.299915,-123.186539,0.000000,top
"R209","42k","R_0805_2012Metric",226.960889,-107.913065,90.000000,top
"R210","42k","R_0805_2012Metric",231.410889,-107.913065,90.000000,top
"R211","2.7k","R_0805_2012Metric",222.910889,-99.913065,0.000000,top
"R212","39k","R_0805_2012Metric",225.910889,-98.413065,90.000000,top
"R213","2.7k","R_0805_2012Metric",227.410889,-95.413065,0.000000,top
"R214","R","R_0805_2012Metric",242.552899,-156.566264,90.000000,top
"R215","1k","R_0805_2012Metric",246.552899,-156.663764,90.000000,top
"R216","1k","R_0805_2012Metric",249.502899,-156.663764,90.000000,top
"R217","2.1k","R_0805_2012Metric",240.052899,-153.163764,180.000000,top
"R218","1k","R_0805_2012Metric",240.052899,-149.663764,180.000000,top
"R219","2.7k","R_0805_2012Metric",240.052899,-146.163764,180.000000,top
"R220","2.1k","R_0805_2012Metric",240.052899,-142.663764,180.000000,top
"R221","39k","R_0805_2012Metric",240.052899,-139.713764,180.000000,top
"R222","2.7k","R_0805_2012Metric",240.052899,-136.763764,180.000000,top
"R223","42k","R_0805_2012Metric",261.424212,-158.713355,90.000000,top
"R224","42k","R_0805_2012Metric",266.424212,-158.713355,90.000000,top
"R225","2.1k","R_0805_2012Metric",257.924212,-151.300855,0.000000,top
"R226","39k","R_0805_2012Metric",261.924212,-150.300855,90.000000,top
"R227","2.7k","R_0805_2012Metric",257.924212,-148.300855,0.000000,top
"R228","1k","R_0805_2012Metric",246.552899,-116.413764,90.000000,top
"R229","1k","R_0805_2012Metric",249.502899,-116.413764,90.000000,top
"R230","2.1k","R_0805_2012Metric",240.052899,-112.913764,180.000000,top
"R231","1k","R_0805_2012Metric",240.052899,-109.413764,180.000000,top
"R232","2.7k","R_0805_2012Metric",240.052899,-105.913764,180.000000,top
"R233","2.1k","R_0805_2012Metric",240.052899,-102.413764,180.000000,top
"R234","39k","R_0805_2012Metric",240.052899,-99.463764,180.000000,top
"R235","2.7k","R_0805_2012Metric",240.052899,-96.513764,180.000000,top
"R236","42k","R_0805_2012Metric",261.052899,-133.576264,90.000000,top
"R237","42k","R_0805_2012Metric",266.052899,-133.576264,90.000000,top
"R238","2.1k","R_0805_2012Metric",257.552899,-126.163764,0.000000,top
"R239","39k","R_0805_2012Metric",261.552899,-125.163764,90.000000,top
"R240","2.7k","R_0805_2012Metric",257.552899,-123.163764,0.000000,top
"R241","42k","R_0805_2012Metric",261.213873,-107.890290,90.000000,top
"R242","42k","R_0805_2012Metric",265.663873,-107.890290,90.000000,top
"R243","2.7k","R_0805_2012Metric",257.163873,-99.890290,0.000000,top
"R244","39k","R_0805_2012Metric",260.163873,-98.390290,90.000000,top
"R245","2.7k","R_0805_2012Metric",261.663873,-95.390290,0.000000,top
"R246","R","R_0805_2012Metric",276.922889,-156.536633,90.000000,top
"R247","1k","R_0805_2012Metric",280.922889,-156.634133,90.000000,top
"R248","1k","R_0805_2012Metric",283.872889,-156.634133,90.000000,top
"R249","2.1k","R_0805_2012Metric",274.422889,-153.134133,180.000000,top
"R250","1k","R_0805_2012Metric",274.422889,-149.634133,180.000000,top
"R251","2.7k","R_0805_2012Metric",274.422889,-146.134133,180.000000,top
"R252","2.1k","R_0805_2012Metric",274.422889,-142.634133,180.000000,top
"R253","39k","R_0805_2012Metric",274.422889,-139.684133,180.000000,top
"R254","2.7k","R_0805_2012Metric",274.422889,-136.734133,180.000000,top
"R255","42k","R_0805_2012Metric",295.794202,-158.683724,90.000000,top
"R256","42k","R_0805_2012Metric",300.794202,-158.683724,90.000000,top
"R257","2.1k","R_0805_2012Metric",292.294202,-151.271224,0.000000,top
"R258","39k","R_0805_2012Metric",296.294202,-150.271224,90.000000,top
"R259","2.7k","R_0805_2012Metric",292.294202,-148.271224,0.000000,top
"R260","1k","R_0805_2012Metric",280.922889,-116.384133,90.000000,top
"R261","1k","R_0805_2012Metric",283.872889,-116.384133,90.000000,top
"R262","2.1k","R_0805_2012Metric",274.422889,-112.884133,180.000000,top
"R263","1k","R_0805_2012Metric",274.422889,-109.384133,180.000000,top
"R264","2.7k","R_0805_2012Metric",274.422889,-105.884133,180.000000,top
"R265","2.1k","R_0805_2012Metric",274.422889,-102.384133,180.000000,top
"R266","39k","R_0805_2012Metric",274.422889,-99.434133,180.000000,top
"R267","2.7k","R_0805_2012Metric",274.422889,-96.484133,180.000000,top
"R268","42k","R_0805_2012Metric",295.422889,-133.546633,90.000000,top
"R269","42k","R_0805_2012Metric",300.422889,-133.546633,90.000000,top
"R270","2.1k","R_0805_2012Metric",291.922889,-126.134133,0.000000,top
"R271","39k","R_0805_2012Metric",295.922889,-125.134133,90.000000,top
"R272","2.7k","R_0805_2012Metric",291.922889,-123.134133,0.000000,top
"R273","42k","R_0805_2012Metric",295.583863,-107.860659,90.000000,top
"R274","42k","R_0805_2012Metric",300.033863,-107.860659,90.000000,top
"R275","2.7k","R_0805_2012Metric",291.533863,-99.860659,0.000000,top
"R276","39k","R_0805_2012Metric",294.533863,-98.360659,90.000000,top
"R277","2.7k","R_0805_2012Metric",296.033863,-95.360659,0.000000,top
"R278","R","R_0805_2012Metric",311.172889,-156.536633,90.000000,top
"R279","1k","R_0805_2012Metric",315.172889,-156.634133,90.000000,top
"R280","1k","R_0805_2012Metric",318.122889,-156.634133,90.000000,top
"R281","2.1k","R_0805_2012Metric",308.672889,-153.134133,180.000000,top
"R282","1k","R_0805_2012Metric",308.672889,-149.634133,180.000000,top
"R283","2.7k","R_0805_2012Metric",308.672889,-146.134133,180.000000,top
"R284","2.1k","R_0805_2012Metric",308.672889,-142.634133,180.000000,top
"R285","39k","R_0805_2012Metric",308.672889,-139.684133,180.000000,top
"R286","2.7k","R_0805_2012Metric",308.672889,-136.734133,180.000000,top
"R287","42k","R_0805_2012Metric",330.044202,-158.683724,90.000000,top
"R288","42k","R_0805_2012Metric",335.044202,-158.683724,90.000000,top
"R289","2.1k","R_0805_2012Metric",326.544202,-151.271224,0.000000,top
"R290","39k","R_0805_2012Metric",330.544202,-150.271224,90.000000,top
"R291","2.7k","R_0805_2012Metric",326.544202,-148.271224,0.000000,top
"R292","1k","R_0805_2012Metric",315.172889,-116.384133,90.000000,top
"R293","1k","R_0805_2012Metric",318.122889,-116.384133,90.000000,top
"R294","2.1k","R_0805_2012Metric",308.672889,-112.884133,180.000000,top
"R295","1k","R_0805_2012Metric",308.672889,-109.384133,180.000000,top
"R296","2.7k","R_0805_2012Metric",308.672889,-105.884133,180.000000,top
"R297","2.1k","R_0805_2012Metric",308.672889,-102.384133,180.000000,top
"R298","39k","R_0805_2012Metric",308.672889,-99.434133,180.000000,top
"R299","2.7k","R_0805_2012Metric",308.672889,-96.484133,180.000000,top
"R300","42k","R_0805_2012Metric",329.672889,-133.546633,90.000000,top
"R301","42k","R_0805_2012Metric",334.672889,-133.546633,90.000000,top
"R302","2.1k","R_0805_2012Metric",326.172889,-126.134133,0.000000,top
"R303","39k","R_0805_2012Metric",330.172889,-125.134133,90.000000,top
"R304","2.7k","R_0805_2012Metric",326.172889,-123.134133,0.000000,top
"R305","42k","R_0805_2012Metric",329.833863,-107.860659,90.000000,top
"R306","42k","R_0805_2012Metric",334.283863,-107.860659,90.000000,top
"R307","2.7k","R_0805_2012Metric",325.783863,-99.860659,0.000000,top
"R308","39k","R_0805_2012Metric",328.783863,-98.360659,90.000000,top
"R309","2.7k","R_0805_2012Metric",330.283863,-95.360659,0.000000,top
"R310","42k","R_0805_2012Metric",165.500000,-50.250000,0.000000,top
"R311","330","R_0805_2012Metric",169.500000,-46.250000,180.000000,top
"R312","42k","R_0805_2012Metric",75.751071,-132.630535,90.000000,top
"R313","330","R_0805_2012Metric",71.751071,-128.630535,-90.000000,top
"R314","42k","R_0805_2012Metric",92.499894,-143.862895,90.000000,top
"R315","330","R_0805_2012Metric",88.499894,-139.862895,-90.000000,top
"R316","42k","R_0805_2012Metric",92.301071,-118.693035,90.000000,top
"R317","330","R_0805_2012Metric",88.301071,-114.693035,-90.000000,top
"R318","42k","R_0805_2012Metric",110.044362,-132.619580,90.000000,top
"R319","330","R_0805_2012Metric",106.044362,-128.619580,-90.000000,top
"R320","42k","R_0805_2012Metric",126.793185,-143.851940,90.000000,top
"R321","330","R_0805_2012Metric",122.793185,-139.851940,-90.000000,top
"R322","42k","R_0805_2012Metric",126.594362,-118.682080,90.000000,top
"R323","330","R_0805_2012Metric",122.594362,-114.682080,-90.000000,top
"R324","42k","R_0805_2012Metric",144.374199,-132.604034,90.000000,top
"R325","330","R_0805_2012Metric",140.374199,-128.604034,-90.000000,top
"R326","42k","R_0805_2012Metric",161.123022,-143.836394,90.000000,top
"R327","330","R_0805_2012Metric",157.123022,-139.836394,-90.000000,top
"R328","42k","R_0805_2012Metric",160.924199,-118.666534,90.000000,top
"R329","330","R_0805_2012Metric",156.924199,-114.666534,-90.000000,top
"R330","42k","R_0805_2012Metric",178.661335,-132.625985,90.000000,top
"R331","330","R_0805_2012Metric",174.661335,-128.625985,-90.000000,top
"R332","42k","R_0805_2012Metric",195.410158,-143.858345,90.000000,top
"R333","330","R_0805_2012Metric",191.410158,-139.858345,-90.000000,top
"R334","42k","R_0805_2012Metric",195.211335,-118.688485,90.000000,top
"R335","330","R_0805_2012Metric",191.211335,-114.688485,-90.000000,top
"R336","42k","R_0805_2012Metric",213.062415,-132.624039,90.000000,top
"R337","330","R_0805_2012Metric",209.062415,-128.624039,-90.000000,top
"R338","42k","R_0805_2012Metric",229.811238,-143.856399,90.000000,top
"R339","330","R_0805_2012Metric",225.811238,-139.856399,-90.000000,top
"R340","42k","R_0805_2012Metric",229.612415,-118.686539,90.000000,top
"R341","330","R_0805_2012Metric",225.612415,-114.686539,-90.000000,top
"R342","42k","R_0805_2012Metric",247.315399,-132.601264,90.000000,top
"R343","330","R_0805_2012Metric",243.315399,-128.601264,-90.000000,top
"R344","42k","R_0805_2012Metric",264.064222,-143.833624,90.000000,top
"R345","330","R_0805_2012Metric",260.064222,-139.833624,-90.000000,top
"R346","42k","R_0805_2012Metric",263.865399,-118.663764,90.000000,top
"R347","330","R_0805_2012Metric",259.865399,-114.663764,-90.000000,top
"R348","42k","R_0805_2012Metric",281.685389,-132.571633,90.000000,top
"R349","330","R_0805_2012Metric",277.685389,-128.571633,-90.000000,top
"R350","42k","R_0805_2012Metric",298.434212,-143.803993,90.000000,top
"R351","330","R_0805_2012Metric",294.434212,-139.803993,-90.000000,top
"R352","42k","R_0805_2012Metric",298.235389,-118.634133,90.000000,top
"R353","330","R_0805_2012Metric",294.235389,-114.634133,-90.000000,top
"R354","42k","R_0805_2012Metric",315.935389,-132.571633,90.000000,top
"R355","330","R_0805_2012Metric",311.935389,-128.571633,-90.000000,top
"R356","42k","R_0805_2012Metric",332.684212,-143.803993,90.000000,top
"R357","330","R_0805_2012Metric",328.684212,-139.803993,-90.000000,top
"R358","42k","R_0805_2012Metric",332.485389,-118.634133,90.000000,top
"R359","330","R_0805_2012Metric",328.485389,-114.634133,-90.000000,top
"R360","42k","R_0805_2012Metric",130.751071,-90.130535,90.000000,top
"R361","330","R_0805_2012Metric",126.751071,-86.130535,-90.000000,top
"R362","42k","R_0805_2012Metric",165.051071,-90.255535,90.000000,top
"R363","330","R_0805_2012Metric",161.051071,-86.255535,-90.000000,top
"R364","42k","R_0805_2012Metric",199.488571,-90.193035,90.000000,top
"R365","330","R_0805_2012Metric",195.488571,-86.193035,-90.000000,top
"R366","42k","R_0805_2012Metric",233.851071,-90.174285,90.000000,top
"R367","330","R_0805_2012Metric",229.851071,-86.174285,-90.000000,top
"R368","42k","R_0805_2012Metric",268.251071,-90.155535,90.000000,top
"R369","330","R_0805_2012Metric",264.251071,-86.155535,-90.000000,top
"R370","42k","R_0805_2012Metric",302.488571,-90.193035,90.000000,top
"R371","330","R_0805_2012Metric",298.488571,-86.193035,-90.000000,top
"R372","42k","R_0805_2012Metric",336.738571,-90.193035,90.000000,top
"R373","330","R_0805_2012Metric",332.738571,-86.193035,-90.000000,top
"R374","42k","R_0805_2012Metric",96.501071,-90.130535,90.000000,top
"R375","330","R_0805_2012Metric",92.501071,-86.130535,-90.000000,top
"R376","1k","R_0805_2012Metric",97.250000,-206.912500,90.000000,top
"R377","1k","R_0805_2012Metric",104.500000,-207.000000,90.000000,top
"R378","1k","R_0805_2012Metric",111.750000,-207.000000,90.000000,top
"R379","1k","R_0805_2012Metric",119.000000,-207.000000,90.000000,top
"R380","1k","R_0805_2012Metric",126.250000,-207.000000,90.000000,top
"R381","1k","R_0805_2012Metric",133.500000,-207.000000,90.000000,top
"R382","1k","R_0805_2012Metric",140.750000,-206.912500,90.000000,top
"R383","1k","R_0805_2012Metric",148.250000,-207.000000,90.000000,top
"R384","1k","R_0805_2012Metric",305.750000,-206.500000,-90.000000,top
"R385","1k","R_0805_2012Metric",298.250000,-206.500000,-90.000000,top
"R386","1k","R_0805_2012Metric",291.000000,-206.500000,-90.000000,top
"R387","1k","R_0805_2012Metric",283.750000,-206.500000,-90.000000,top
"R388","1k","R_0805_2012Metric",276.500000,-206.500000,-90.000000,top
"R389","1k","R_0805_2012Metric",269.250000,-206.500000,-90.000000,top
"R390","1k","R_0805_2012Metric",262.000000,-206.500000,-90.000000,top
"R391","1k","R_0805_2012Metric",254.750000,-206.412500,-90.000000,top
"SW1","SW_Nidec_CAS-120A1","PinHeader_1x03_P2.54mm_Vertical",303.000000,-206.460000,0.000000,top
"SW2","SW_Nidec_CAS-120A1","PinHeader_1x03_P2.54mm_Vertical",295.500000,-206.460000,0.000000,top
"SW3","SW_Nidec_CAS-120A1","PinHeader_1x03_P2.54mm_Vertical",288.250000,-206.460000,0.000000,top
"SW4","SW_Nidec_CAS-120A1","PinHeader_1x03_P2.54mm_Vertical",281.000000,-206.460000,0.000000,top
"SW5","SW_Nidec_CAS-120A1","PinHeader_1x03_P2.54mm_Vertical",273.750000,-206.460000,0.000000,top
"SW6","SW_Nidec_CAS-120A1","PinHeader_1x03_P2.54mm_Vertical",266.500000,-206.460000,0.000000,top
"SW7","SW_Nidec_CAS-120A1","PinHeader_1x03_P2.54mm_Vertical",259.250000,-206.460000,0.000000,top
"SW8","SW_Nidec_CAS-120A1","PinHeader_1x03_P2.54mm_Vertical",252.000000,-206.460000,0.000000,top
"SW9","SW_Nidec_CAS-120A1","PinHeader_1x03_P2.54mm_Vertical",151.000000,-206.975000,0.000000,top
"SW10","SW_Nidec_CAS-120A1","PinHeader_1x03_P2.54mm_Vertical",143.500000,-206.975000,0.000000,top
"SW11","SW_Nidec_CAS-120A1","PinHeader_1x03_P2.54mm_Vertical",136.250000,-206.975000,0.000000,top
"SW12","SW_Nidec_CAS-120A1","PinHeader_1x03_P2.54mm_Vertical",129.000000,-206.975000,0.000000,top
"SW13","SW_Nidec_CAS-120A1","PinHeader_1x03_P2.54mm_Vertical",121.750000,-206.975000,0.000000,top
"SW14","SW_Nidec_CAS-120A1","PinHeader_1x03_P2.54mm_Vertical",114.500000,-206.975000,0.000000,top
"SW15","SW_Nidec_CAS-120A1","PinHeader_1x03_P2.54mm_Vertical",107.250000,-206.975000,0.000000,top
"SW16","SW_Nidec_CAS-120A1","PinHeader_1x03_P2.54mm_Vertical",100.000000,-206.975000,0.000000,top
"U1","ESP32-DEVKIT-V1","MODULE_ESP32_DEVKIT_V1",199.205000,-200.200000,90.000000,top
